id;title;description;image_path;created_at
1;Secured open-source azure;iterate;withdrawal;2022-04-04
2;Engineer Dynamic Florida;Intelligent;copy Coordinator;2022-04-04
3;green fuchsia navigating;24/7 purple;yellow Shoes Shoes;2022-04-05
4;Assistant Switchable transmitter;FTP HTTP virtual;Rubber Human;2022-04-04
5;Data deposit;Borders;deposit Clothing;2022-04-04
6;Manager success product;Island;definition;2022-04-04
7;Generic Automotive GB;platforms foreground;Concrete Way Market;2022-04-04
8;Frozen Cheese XML;Hat;Total Comoros grey;2022-04-04
9;web-readiness;Tasty SAS Handcrafted;Iran;2022-04-04
10;Pizza Loan;Realigned reboot auxiliary;Metal haptic Views;2022-04-04
